Feature,Bin,N_Total,Event_Rate,WoE,Coefficient,Points
CHRONIC_DELINQUENT,0,17522,0.1851,-0.2383,0.1059,0.9
CHRONIC_DELINQUENT,1,1678,0.6275,1.7656,0.1059,-9.9
PAY_3,-1,3845,0.1623,-0.3974,0.2374,3.8
PAY_3,-2,2625,0.1878,-0.2204,0.2374,1.7
PAY_3,0,10004,0.1758,-0.3009,0.2374,2.7
PAY_3,1,3,0.3333,0.5508,0.2374,-7.5
PAY_3,2,2475,0.5131,1.2965,0.2374,-16.3
PAY_3,3,146,0.5959,1.6323,0.2374,-20.3
PAY_3,4,54,0.5556,1.4671,0.2374,-18.4
PAY_3,5,12,0.6667,1.9371,0.2374,-23.9
PAY_3,6,19,0.5789,1.5624,0.2374,-19.5
PAY_3,7,17,0.7647,2.4226,0.2374,-29.7
PAY_5,-1,3581,0.1667,-0.3652,0.1602,2.6
PAY_5,-2,2888,0.2015,-0.1329,0.1602,0.6
PAY_5,0,10752,0.1882,-0.2175,0.1602,1.4
PAY_5,2,1754,0.5376,1.3947,0.1602,-12.5
PAY_5,3,121,0.6694,1.9495,0.1602,-17.2
PAY_5,4,61,0.5902,1.6086,0.1602,-14.3
PAY_5,5,10,0.6,1.6494,0.1602,-14.6
PAY_5,6,2,1.0,13.051,0.1602,-112.3
PAY_5,7,31,0.8065,2.6711,0.1602,-23.4
PAY_4,-1,3655,0.1663,-0.3678,0.0048,0.1
PAY_4,-2,2756,0.1945,-0.1772,0.0048,0.0
PAY_4,0,10567,0.1863,-0.2301,0.0048,0.0
PAY_4,1,2,0.5,1.2439,0.0048,-0.3
PAY_4,2,1988,0.5206,1.3265,0.0048,-0.4
PAY_4,3,131,0.6183,1.7264,0.0048,-0.5
PAY_4,4,40,0.65,1.863,0.0048,-0.5
PAY_4,5,27,0.5185,1.3181,0.0048,-0.4
PAY_4,6,4,0.5,1.2439,0.0048,-0.3
PAY_4,7,30,0.8,2.6302,0.0048,-0.7
PAY_6,-1,3774,0.1749,-0.3075,0.0706,1.1
PAY_6,-2,3101,0.2025,-0.1267,0.0706,0.3
PAY_6,0,10253,0.1909,-0.2004,0.0706,0.6
PAY_6,2,1861,0.4895,1.202,0.0706,-5.3
PAY_6,3,138,0.6304,1.778,0.0706,-7.8
PAY_6,4,30,0.6333,1.7905,0.0706,-7.8
PAY_6,5,6,0.8333,2.8534,0.0706,-12.3
PAY_6,6,10,0.8,2.6302,0.0706,-11.4
PAY_6,7,26,0.7692,2.4479,0.0706,-10.6
PAY_6,8,1,1.0,12.3578,0.0706,-52.7
MONTHS_PAID_ZERO,0,9696,0.1396,-0.5743,0.0792,2.2
MONTHS_PAID_ZERO,1,3544,0.2906,0.3516,0.0792,-1.9
MONTHS_PAID_ZERO,2,2239,0.3372,0.5682,0.0792,-2.8
MONTHS_PAID_ZERO,3,1296,0.3125,0.4555,0.0792,-2.3
MONTHS_PAID_ZERO,4,826,0.2663,0.2307,0.0792,-1.3
MONTHS_PAID_ZERO,5,659,0.2898,0.3478,0.0792,-1.9
MONTHS_PAID_ZERO,6,940,0.3628,0.6806,0.0792,-3.3
DELINQUENCY_TREND,0.0,2546,0.2683,0.2405,0.3475,-6.4
DELINQUENCY_TREND,1.0,11552,0.1634,-0.3889,0.3475,7.1
DELINQUENCY_TREND,2.0,2166,0.2359,0.0688,0.3475,-2.7
DELINQUENCY_TREND,3.0,1949,0.4079,0.8713,0.3475,-19.9
DELINQUENCY_TREND,4.0,987,0.4245,0.9397,0.3475,-21.4
PAY_RATIO_MIN,0.0,11520,0.2861,0.3296,0.1014,-2.4
PAY_RATIO_MIN,1.0,1920,0.1365,-0.6011,0.1014,3.2
PAY_RATIO_MIN,2.0,1920,0.1432,-0.5448,0.1014,2.9
PAY_RATIO_MIN,3.0,1920,0.1307,-0.6506,0.1014,3.5
PAY_RATIO_MIN,4.0,1920,0.1104,-0.8425,0.1014,4.6
AVG_MONTHLY_PAYMENT,0.0,1933,0.3228,0.5031,0.0609,-2.1
AVG_MONTHLY_PAYMENT,1.0,1909,0.3112,0.4492,0.0609,-1.9
AVG_MONTHLY_PAYMENT,2.0,1934,0.288,0.3388,0.0609,-1.5
AVG_MONTHLY_PAYMENT,3.0,1904,0.2731,0.265,0.0609,-1.2
AVG_MONTHLY_PAYMENT,4.0,1925,0.2514,0.1529,0.0609,-0.8
AVG_MONTHLY_PAYMENT,5.0,1915,0.1995,-0.1456,0.0609,0.3
AVG_MONTHLY_PAYMENT,6.0,1920,0.1839,-0.2465,0.0609,0.7
AVG_MONTHLY_PAYMENT,7.0,1920,0.1677,-0.358,0.0609,1.1
AVG_MONTHLY_PAYMENT,8.0,1920,0.1422,-0.5533,0.0609,1.9
AVG_MONTHLY_PAYMENT,9.0,1920,0.0974,-0.9826,0.0609,3.5
LIMIT_BAL,0.0,2647,0.3608,0.672,-0.055,2.8
LIMIT_BAL,1.0,2299,0.271,0.2543,-0.055,1.2
LIMIT_BAL,2.0,1007,0.291,0.3532,-0.055,1.5
LIMIT_BAL,3.0,2099,0.2477,0.1332,-0.055,0.7
LIMIT_BAL,4.0,1813,0.2146,-0.0537,-0.055,-0.0
LIMIT_BAL,5.0,2161,0.1837,-0.2475,-0.055,-0.8
LIMIT_BAL,6.0,1604,0.1721,-0.3271,-0.055,-1.1
LIMIT_BAL,7.0,1879,0.1708,-0.3358,-0.055,-1.1
LIMIT_BAL,8.0,2157,0.1548,-0.4532,-0.055,-1.6
LIMIT_BAL,9.0,1534,0.1226,-0.7245,-0.055,-2.6
AGE_LIMIT_RATIO,0.0,1935,0.1282,-0.6733,0.1091,4.8
AGE_LIMIT_RATIO,1.0,1906,0.1495,-0.4944,0.1091,3.4
AGE_LIMIT_RATIO,2.0,1942,0.1555,-0.4481,0.1091,3.0
AGE_LIMIT_RATIO,3.0,1933,0.1764,-0.2969,0.1091,1.9
AGE_LIMIT_RATIO,4.0,1935,0.2036,-0.1199,0.1091,0.6
AGE_LIMIT_RATIO,5.0,1900,0.2284,0.0267,0.1091,-0.6
AGE_LIMIT_RATIO,6.0,1930,0.2482,0.1356,0.1091,-1.4
AGE_LIMIT_RATIO,7.0,1931,0.2983,0.3885,0.1091,-3.3
AGE_LIMIT_RATIO,8.0,1931,0.2993,0.3934,0.1091,-3.3
AGE_LIMIT_RATIO,9.0,1857,0.3549,0.6463,0.1091,-5.3
PAY_RATIO_STD,0.0,1920,0.2776,0.2876,0.0114,-0.3
PAY_RATIO_STD,1.0,1920,0.1448,-0.5321,0.0114,0.4
PAY_RATIO_STD,2.0,1920,0.2281,0.025,0.0114,-0.1
PAY_RATIO_STD,3.0,1920,0.3104,0.4458,0.0114,-0.4
PAY_RATIO_STD,4.0,1920,0.3203,0.4916,0.0114,-0.4
PAY_RATIO_STD,5.0,1920,0.3036,0.4139,0.0114,-0.4
PAY_RATIO_STD,6.0,1920,0.1828,-0.2535,0.0114,0.2
PAY_RATIO_STD,7.0,1920,0.1776,-0.2887,0.0114,0.2
PAY_RATIO_STD,8.0,1920,0.1479,-0.5071,0.0114,0.4
PAY_RATIO_STD,9.0,1920,0.1443,-0.5363,0.0114,0.4
PAY_AMT1,0.0,3843,0.344,0.5984,0.1663,-7.6
PAY_AMT1,1.0,1927,0.2216,-0.0125,0.1663,-0.4
PAY_AMT1,2.0,1914,0.2288,0.0291,0.1663,-0.9
PAY_AMT1,3.0,1963,0.2231,-0.0036,0.1663,-0.5
PAY_AMT1,4.0,2001,0.2289,0.0293,0.1663,-0.9
PAY_AMT1,5.0,1795,0.2156,-0.0476,0.1663,0.0
PAY_AMT1,6.0,1922,0.1535,-0.4636,0.1663,5.0
PAY_AMT1,7.0,1915,0.152,-0.4754,0.1663,5.1
PAY_AMT1,8.0,1920,0.125,-0.702,0.1663,7.8
PAY_AMT2,0.0,3863,0.3295,0.5337,-0.0185,0.8
PAY_AMT2,1.0,1898,0.2392,0.0869,-0.0185,0.2
PAY_AMT2,2.0,1921,0.24,0.0912,-0.0185,0.2
PAY_AMT2,3.0,2026,0.231,0.0413,-0.0185,0.1
PAY_AMT2,4.0,2296,0.2099,-0.0814,-0.0185,-0.1
PAY_AMT2,5.0,1449,0.2139,-0.0574,-0.0185,-0.0
PAY_AMT2,6.0,2046,0.175,-0.3068,-0.0185,-0.4
PAY_AMT2,7.0,1784,0.148,-0.5066,-0.0185,-0.6
PAY_AMT2,8.0,1917,0.1179,-0.7686,-0.0185,-1.0
BALANCE_CHANGE_3M,0.0,1921,0.1452,-0.5285,0.0298,1.1
BALANCE_CHANGE_3M,1.0,1919,0.2538,0.1654,0.0298,-0.5
BALANCE_CHANGE_3M,2.0,1920,0.2979,0.3867,0.0298,-0.9
BALANCE_CHANGE_3M,3.0,1920,0.2807,0.3031,0.0298,-0.8
BALANCE_CHANGE_3M,4.0,2543,0.3048,0.4192,0.0298,-1.0
BALANCE_CHANGE_3M,5.0,1297,0.2436,0.1111,0.0298,-0.3
BALANCE_CHANGE_3M,6.0,1920,0.2208,-0.0169,0.0298,-0.1
BALANCE_CHANGE_3M,7.0,1920,0.1964,-0.1653,0.0298,0.3
BALANCE_CHANGE_3M,8.0,1920,0.1312,-0.646,0.0298,1.3
BALANCE_CHANGE_3M,9.0,1920,0.1432,-0.5448,0.0298,1.1
BILL_AMT_VELOCITY,0.0,1921,0.1447,-0.5327,0.0372,1.3
BILL_AMT_VELOCITY,1.0,1920,0.2573,0.1839,0.0372,-0.6
BILL_AMT_VELOCITY,2.0,1920,0.2583,0.1893,0.0372,-0.6
BILL_AMT_VELOCITY,3.0,1919,0.2955,0.375,0.0372,-1.1
BILL_AMT_VELOCITY,4.0,3140,0.2605,0.2006,0.0372,-0.7
BILL_AMT_VELOCITY,5.0,701,0.2639,0.2182,0.0372,-0.7
BILL_AMT_VELOCITY,6.0,1920,0.2812,0.3057,0.0372,-0.9
BILL_AMT_VELOCITY,7.0,1919,0.2074,-0.0967,0.0372,0.1
BILL_AMT_VELOCITY,8.0,1920,0.1615,-0.4035,0.0372,1.0
BILL_AMT_VELOCITY,9.0,1920,0.1094,-0.8532,0.0372,2.2
BALANCE_CHANGE_1M,0.0,1921,0.1447,-0.5327,0.0372,1.3
BALANCE_CHANGE_1M,1.0,1920,0.2573,0.1839,0.0372,-0.6
BALANCE_CHANGE_1M,2.0,1920,0.2583,0.1893,0.0372,-0.6
BALANCE_CHANGE_1M,3.0,1919,0.2955,0.375,0.0372,-1.1
BALANCE_CHANGE_1M,4.0,3140,0.2605,0.2006,0.0372,-0.7
BALANCE_CHANGE_1M,5.0,701,0.2639,0.2182,0.0372,-0.7
BALANCE_CHANGE_1M,6.0,1920,0.2812,0.3057,0.0372,-0.9
BALANCE_CHANGE_1M,7.0,1919,0.2074,-0.0967,0.0372,0.1
BALANCE_CHANGE_1M,8.0,1920,0.1615,-0.4035,0.0372,1.0
BALANCE_CHANGE_1M,9.0,1920,0.1094,-0.8532,0.0372,2.2
TOTAL_PAY_RATIO,0.0,1920,0.3552,0.6477,0.1064,-5.7
TOTAL_PAY_RATIO,1.0,1920,0.2583,0.1893,0.1064,-1.9
TOTAL_PAY_RATIO,2.0,1920,0.2531,0.1619,0.1064,-1.7
TOTAL_PAY_RATIO,3.0,1920,0.2469,0.1286,0.1064,-1.4
TOTAL_PAY_RATIO,4.0,1920,0.2755,0.2772,0.1064,-2.6
TOTAL_PAY_RATIO,5.0,1920,0.2214,-0.0138,0.1064,-0.2
TOTAL_PAY_RATIO,6.0,1920,0.15,-0.4907,0.1064,3.8
TOTAL_PAY_RATIO,7.0,1920,0.1589,-0.4228,0.1064,3.2
TOTAL_PAY_RATIO,8.0,1974,0.1636,-0.3875,0.1064,2.9
TOTAL_PAY_RATIO,9.0,1866,0.1543,-0.457,0.1064,3.5
BALANCE_CHANGE_6M,0.0,1920,0.1625,-0.3958,0.0772,2.3
BALANCE_CHANGE_6M,1.0,1920,0.288,0.3389,0.0772,-2.4
BALANCE_CHANGE_6M,2.0,1921,0.3483,0.6172,0.0772,-4.1
BALANCE_CHANGE_6M,3.0,2740,0.281,0.3045,0.0772,-2.1
BALANCE_CHANGE_6M,4.0,1100,0.2545,0.1694,0.0772,-1.3
BALANCE_CHANGE_6M,5.0,1919,0.2043,-0.1159,0.0772,0.5
BALANCE_CHANGE_6M,6.0,1920,0.176,-0.2995,0.0772,1.7
BALANCE_CHANGE_6M,7.0,1920,0.1661,-0.3692,0.0772,2.1
BALANCE_CHANGE_6M,8.0,1920,0.1734,-0.3175,0.0772,1.8
BALANCE_CHANGE_6M,9.0,1920,0.1719,-0.3285,0.0772,1.9
PAY_RATIO_MEAN,0.0,1920,0.2979,0.3867,-0.1176,4.1
PAY_RATIO_MEAN,1.0,1920,0.2901,0.3491,-0.1176,3.7
PAY_RATIO_MEAN,2.0,1920,0.2411,0.0975,-0.1176,1.3
PAY_RATIO_MEAN,3.0,1920,0.2521,0.1564,-0.1176,1.8
PAY_RATIO_MEAN,4.0,1920,0.2792,0.2953,-0.1176,3.2
PAY_RATIO_MEAN,5.0,1920,0.2339,0.0573,-0.1176,0.9
PAY_RATIO_MEAN,6.0,1920,0.1839,-0.2465,-0.1176,-2.0
PAY_RATIO_MEAN,7.0,1920,0.1792,-0.2781,-0.1176,-2.4
PAY_RATIO_MEAN,8.0,1920,0.1583,-0.4267,-0.1176,-3.8
PAY_RATIO_MEAN,9.0,1920,0.1219,-0.7308,-0.1176,-6.7
UTIL_MEAN,0.0,1920,0.2594,0.1947,0.0573,-1.1
UTIL_MEAN,1.0,1920,0.2026,-0.1262,0.0573,0.5
UTIL_MEAN,2.0,1920,0.1547,-0.4544,0.0573,2.0
UTIL_MEAN,3.0,1920,0.1417,-0.5576,0.0573,2.5
UTIL_MEAN,4.0,1920,0.1651,-0.3768,0.0573,1.7
UTIL_MEAN,5.0,1920,0.1974,-0.1587,0.0573,0.6
UTIL_MEAN,6.0,1920,0.2406,0.0947,0.0573,-0.6
UTIL_MEAN,7.0,1920,0.2557,0.1757,0.0573,-1.0
UTIL_MEAN,8.0,1920,0.2979,0.3867,0.0573,-2.0
UTIL_MEAN,9.0,1920,0.3224,0.5012,0.0573,-2.6
UTIL_6,0.0,3841,0.2223,-0.0081,-0.0631,0.1
UTIL_6,1.0,1919,0.186,-0.232,-0.0631,-1.2
UTIL_6,2.0,1920,0.1547,-0.4544,-0.0631,-2.4
UTIL_6,3.0,1920,0.1547,-0.4544,-0.0631,-2.4
UTIL_6,4.0,1920,0.1875,-0.2224,-0.0631,-1.1
UTIL_6,5.0,1920,0.2193,-0.026,-0.0631,0.0
UTIL_6,6.0,1920,0.25,0.1453,-0.0631,1.0
UTIL_6,7.0,1920,0.2938,0.3667,-0.0631,2.2
UTIL_6,8.0,1920,0.3469,0.6111,-0.0631,3.6
UTIL_5,0.0,3840,0.2255,0.0102,-0.0027,0.0
UTIL_5,1.0,1920,0.1802,-0.271,-0.0027,-0.1
UTIL_5,2.0,1920,0.1453,-0.5279,-0.0027,-0.1
UTIL_5,3.0,1920,0.1552,-0.4504,-0.0027,-0.1
UTIL_5,4.0,1920,0.1984,-0.1521,-0.0027,-0.0
UTIL_5,5.0,1920,0.2177,-0.0351,-0.0027,-0.0
UTIL_5,6.0,1920,0.2552,0.1729,-0.0027,0.0
UTIL_5,7.0,1920,0.3036,0.4139,-0.0027,0.1
UTIL_5,8.0,1920,0.3307,0.5391,-0.0027,0.1
STD_MONTHLY_PAYMENT,0.0,1921,0.2832,0.3152,-0.0387,1.1
STD_MONTHLY_PAYMENT,1.0,1919,0.222,-0.0102,-0.0387,0.1
STD_MONTHLY_PAYMENT,2.0,1920,0.2234,-0.0018,-0.0387,0.1
STD_MONTHLY_PAYMENT,3.0,1920,0.274,0.2693,-0.0387,1.0
STD_MONTHLY_PAYMENT,4.0,1920,0.2802,0.3005,-0.0387,1.1
STD_MONTHLY_PAYMENT,5.0,1920,0.2562,0.1784,-0.0387,0.7
STD_MONTHLY_PAYMENT,6.0,1920,0.2354,0.066,-0.0387,0.3
STD_MONTHLY_PAYMENT,7.0,1920,0.1932,-0.1852,-0.0387,-0.5
STD_MONTHLY_PAYMENT,8.0,1920,0.1568,-0.4385,-0.0387,-1.3
STD_MONTHLY_PAYMENT,9.0,1920,0.113,-0.8163,-0.0387,-2.5
UTIL_4,0.0,3840,0.2237,-0.0003,0.0191,-0.0
UTIL_4,1.0,1920,0.176,-0.2995,0.0191,0.5
UTIL_4,2.0,1920,0.1411,-0.5619,0.0191,0.9
UTIL_4,3.0,1920,0.163,-0.392,0.0191,0.6
UTIL_4,4.0,1920,0.199,-0.1489,0.0191,0.2
UTIL_4,5.0,1920,0.2276,0.0221,0.0191,-0.1
UTIL_4,6.0,1920,0.2505,0.1481,0.0191,-0.3
UTIL_4,7.0,1920,0.3229,0.5035,0.0191,-0.9
UTIL_4,8.0,1920,0.3099,0.4433,0.0191,-0.8
PAY_AMT3,0.0,5761,0.2934,0.3648,0.0641,-2.2
PAY_AMT3,1.0,1920,0.2255,0.0102,0.0641,-0.2
PAY_AMT3,2.0,1919,0.2319,0.0463,0.0641,-0.4
PAY_AMT3,3.0,1920,0.2255,0.0102,0.0641,-0.2
PAY_AMT3,4.0,1920,0.1964,-0.1653,0.0641,0.8
PAY_AMT3,5.0,1920,0.1854,-0.2361,0.0641,1.2
PAY_AMT3,6.0,2079,0.1635,-0.3882,0.0641,2.0
PAY_AMT3,7.0,1761,0.1261,-0.6923,0.0641,3.7
PAY_AMT4,0.0,5854,0.2878,0.338,0.0262,-0.9
PAY_AMT4,1.0,2420,0.2397,0.0895,0.0262,-0.3
PAY_AMT4,2.0,1538,0.236,0.0693,0.0262,-0.2
PAY_AMT4,3.0,1709,0.2288,0.0288,0.0262,-0.1
PAY_AMT4,4.0,1942,0.1905,-0.2027,0.0262,0.4
PAY_AMT4,5.0,2089,0.1757,-0.3019,0.0262,0.6
PAY_AMT4,6.0,1728,0.1638,-0.3865,0.0262,0.9
PAY_AMT4,7.0,1920,0.1339,-0.6234,0.0262,1.4
PAY_AMT6,0.0,5762,0.2799,0.2992,-0.001,0.0
PAY_AMT6,1.0,2699,0.2464,0.126,-0.001,0.0
PAY_AMT6,2.0,1139,0.2309,0.0407,-0.001,0.0
PAY_AMT6,3.0,1920,0.237,0.0746,-0.001,0.0
PAY_AMT6,4.0,1949,0.2016,-0.1321,-0.001,-0.0
PAY_AMT6,5.0,2144,0.1838,-0.2471,-0.001,-0.0
PAY_AMT6,6.0,1667,0.1668,-0.3648,-0.001,-0.0
PAY_AMT6,7.0,1920,0.1224,-0.726,-0.001,-0.1
STRESS_SCORE,0.0,3840,0.1727,-0.323,0.1565,4.5
STRESS_SCORE,1.0,1920,0.2062,-0.1037,0.1565,1.2
STRESS_SCORE,2.0,1920,0.1833,-0.25,0.1565,3.4
STRESS_SCORE,3.0,1920,0.1667,-0.3655,0.1565,5.2
STRESS_SCORE,4.0,1920,0.2083,-0.0911,0.1565,1.0
STRESS_SCORE,5.0,1920,0.2359,0.0689,0.1565,-1.4
STRESS_SCORE,6.0,1920,0.2755,0.2772,0.1565,-4.6
STRESS_SCORE,7.0,1920,0.2891,0.344,0.1565,-5.6
STRESS_SCORE,8.0,1920,0.3271,0.5225,0.1565,-8.3
UTIL_3,0.0,3840,0.2161,-0.0443,-0.0094,-0.0
UTIL_3,1.0,1920,0.1833,-0.25,-0.0094,-0.2
UTIL_3,2.0,1920,0.1432,-0.5448,-0.0094,-0.5
UTIL_3,3.0,1920,0.1615,-0.4035,-0.0094,-0.3
UTIL_3,4.0,1920,0.2083,-0.0911,-0.0094,-0.1
UTIL_3,5.0,1920,0.2505,0.1481,-0.0094,0.2
UTIL_3,6.0,1920,0.2693,0.2456,-0.0094,0.2
UTIL_3,7.0,1920,0.301,0.4016,-0.0094,0.4
UTIL_3,8.0,1920,0.288,0.3389,-0.0094,0.3
MONTHS_PAID_FULL,0,12718,0.2561,0.1776,0.0434,-0.8
MONTHS_PAID_FULL,1,2609,0.1706,-0.3377,0.0434,1.3
MONTHS_PAID_FULL,2,1685,0.1585,-0.4258,0.0434,1.6
MONTHS_PAID_FULL,3,1237,0.1318,-0.6414,0.0434,2.5
MONTHS_PAID_FULL,4,608,0.1299,-0.6576,0.0434,2.6
MONTHS_PAID_FULL,5,235,0.2213,-0.0143,0.0434,-0.0
MONTHS_PAID_FULL,6,108,0.3056,0.423,0.0434,-1.8
LIMIT_TO_AVG_BILL,0.0,1920,0.3193,0.4868,0.0543,-2.8
LIMIT_TO_AVG_BILL,1.0,1920,0.3016,0.4041,0.0543,-2.3
LIMIT_TO_AVG_BILL,2.0,1920,0.2604,0.2001,0.0543,-1.2
LIMIT_TO_AVG_BILL,3.0,1920,0.2385,0.0833,0.0543,-0.6
LIMIT_TO_AVG_BILL,4.0,1920,0.2026,-0.1262,0.0543,0.6
LIMIT_TO_AVG_BILL,5.0,1920,0.163,-0.392,0.0543,2.0
LIMIT_TO_AVG_BILL,6.0,1920,0.2016,-0.1326,0.0543,0.6
LIMIT_TO_AVG_BILL,7.0,5760,0.1835,-0.2488,0.0543,1.2
PAY_RATIO_3,0.0,5760,0.276,0.2798,-0.0209,0.6
PAY_RATIO_3,1.0,1920,0.188,-0.219,-0.0209,-0.4
PAY_RATIO_3,2.0,1920,0.2401,0.0918,-0.0209,0.2
PAY_RATIO_3,3.0,1920,0.2172,-0.0382,-0.0209,-0.0
PAY_RATIO_3,4.0,1920,0.2484,0.137,-0.0209,0.3
PAY_RATIO_3,5.0,1920,0.2271,0.0191,-0.0209,0.1
PAY_RATIO_3,6.0,1985,0.1542,-0.4584,-0.0209,-0.9
PAY_RATIO_3,7.0,1855,0.1337,-0.6248,-0.0209,-1.2
PAY_AMT5,0.0,5858,0.2812,0.3052,0.0059,-0.2
PAY_AMT5,1.0,2268,0.2363,0.071,0.0059,-0.1
PAY_AMT5,2.0,1547,0.2385,0.0832,0.0059,-0.1
PAY_AMT5,3.0,1856,0.2144,-0.0544,0.0059,0.0
PAY_AMT5,4.0,1912,0.2045,-0.1145,0.0059,0.1
PAY_AMT5,5.0,2050,0.1893,-0.2108,0.0059,0.1
PAY_AMT5,6.0,1789,0.18,-0.2725,0.0059,0.1
PAY_AMT5,7.0,1920,0.1276,-0.6784,0.0059,0.4
PAY_RATIO_4,0.0,5760,0.2795,0.2971,-0.0435,1.4
PAY_RATIO_4,1.0,1920,0.1766,-0.2959,-0.0435,-1.2
PAY_RATIO_4,2.0,1920,0.2245,0.0042,-0.0435,0.1
PAY_RATIO_4,3.0,1920,0.2474,0.1314,-0.0435,0.7
PAY_RATIO_4,4.0,1920,0.2302,0.0368,-0.0435,0.3
PAY_RATIO_4,5.0,1920,0.2224,-0.0078,-0.0435,0.1
PAY_RATIO_4,6.0,2108,0.1542,-0.4583,-0.0435,-1.8
PAY_RATIO_4,7.0,1732,0.1426,-0.5498,-0.0435,-2.2
UTIL_MAX,0.0,1920,0.2667,0.2323,0.0436,-1.1
UTIL_MAX,1.0,1920,0.2005,-0.1391,0.0436,0.5
UTIL_MAX,2.0,1920,0.1526,-0.4704,0.0436,1.9
UTIL_MAX,3.0,1920,0.1505,-0.4866,0.0436,2.0
UTIL_MAX,4.0,1920,0.1849,-0.2396,0.0436,0.9
UTIL_MAX,5.0,1920,0.2146,-0.0536,0.0436,0.1
UTIL_MAX,6.0,1920,0.249,0.1398,0.0436,-0.7
UTIL_MAX,7.0,1920,0.2646,0.2217,0.0436,-1.1
UTIL_MAX,8.0,1920,0.2505,0.1481,0.0436,-0.7
UTIL_MAX,9.0,1920,0.3036,0.4139,0.0436,-1.9
PAY_RATIO_2,0.0,5760,0.283,0.3142,-0.0263,0.9
PAY_RATIO_2,1.0,1920,0.213,-0.0629,-0.0263,-0.1
PAY_RATIO_2,2.0,1920,0.2089,-0.0879,-0.0263,-0.2
PAY_RATIO_2,3.0,1920,0.2005,-0.1391,-0.0263,-0.3
PAY_RATIO_2,4.0,1920,0.2422,0.1032,-0.0263,0.3
PAY_RATIO_2,5.0,1920,0.2276,0.0221,-0.0263,0.1
PAY_RATIO_2,6.0,1920,0.1583,-0.4267,-0.0263,-1.0
PAY_RATIO_2,7.0,1920,0.138,-0.5879,-0.0263,-1.5
UTIL_TREND,0.0,1920,0.2703,0.2509,0.0043,-0.1
UTIL_TREND,1.0,1920,0.3245,0.5107,0.0043,-0.2
UTIL_TREND,2.0,1920,0.2464,0.1258,0.0043,-0.1
UTIL_TREND,3.0,2798,0.252,0.1558,0.0043,-0.1
UTIL_TREND,4.0,1042,0.19,-0.2059,0.0043,0.1
UTIL_TREND,5.0,1920,0.1906,-0.202,0.0043,0.1
UTIL_TREND,6.0,1920,0.1677,-0.358,0.0043,0.1
UTIL_TREND,7.0,1920,0.1573,-0.4346,0.0043,0.2
UTIL_TREND,8.0,1920,0.1927,-0.1886,0.0043,0.1
UTIL_TREND,9.0,1920,0.2177,-0.0351,0.0043,0.0
BALANCE_GROWTH_RATE,0.0,1920,0.2693,0.2456,0.0147,-0.4
BALANCE_GROWTH_RATE,1.0,1920,0.3245,0.5107,0.0147,-0.8
BALANCE_GROWTH_RATE,2.0,1920,0.2469,0.1286,0.0147,-0.2
BALANCE_GROWTH_RATE,3.0,2741,0.2517,0.1546,0.0147,-0.3
BALANCE_GROWTH_RATE,4.0,1099,0.1865,-0.2288,0.0147,0.3
BALANCE_GROWTH_RATE,5.0,1920,0.1948,-0.1752,0.0147,0.2
BALANCE_GROWTH_RATE,6.0,1920,0.1677,-0.358,0.0147,0.5
BALANCE_GROWTH_RATE,7.0,1920,0.1573,-0.4346,0.0147,0.6
BALANCE_GROWTH_RATE,8.0,1920,0.1943,-0.1785,0.0147,0.2
BALANCE_GROWTH_RATE,9.0,1920,0.2167,-0.0413,0.0147,0.0
PAY_RATIO_1,0.0,5760,0.2863,0.3304,-0.0682,2.5
PAY_RATIO_1,1.0,1920,0.1938,-0.1819,-0.0682,-1.1
PAY_RATIO_1,2.0,1920,0.2016,-0.1326,-0.0682,-0.8
PAY_RATIO_1,3.0,1920,0.2245,0.0042,-0.0682,0.2
PAY_RATIO_1,4.0,1920,0.2224,-0.0078,-0.0682,0.1
PAY_RATIO_1,5.0,1920,0.2219,-0.0108,-0.0682,0.1
PAY_RATIO_1,6.0,1920,0.1682,-0.3543,-0.0682,-2.4
PAY_RATIO_1,7.0,1920,0.1464,-0.5195,-0.0682,-3.5
UTIL_2,0.0,3841,0.2169,-0.0401,0.061,0.1
UTIL_2,1.0,1919,0.1714,-0.3315,0.061,2.0
UTIL_2,2.0,1920,0.15,-0.4907,0.061,3.0
UTIL_2,3.0,1920,0.175,-0.3067,0.061,1.8
UTIL_2,4.0,1920,0.2078,-0.0942,0.061,0.5
UTIL_2,5.0,1920,0.2651,0.2243,0.061,-1.6
UTIL_2,6.0,1920,0.2776,0.2876,0.061,-2.0
UTIL_2,7.0,1920,0.2703,0.2509,0.061,-1.7
UTIL_2,8.0,1920,0.2865,0.3313,0.061,-2.3
PAY_RATIO_6,0.0,5760,0.2727,0.2632,-0.0014,0.0
PAY_RATIO_6,1.0,1920,0.1849,-0.2396,-0.0014,-0.0
PAY_RATIO_6,2.0,1920,0.2328,0.0514,-0.0014,0.0
PAY_RATIO_6,3.0,1920,0.2589,0.192,-0.0014,0.0
PAY_RATIO_6,4.0,1920,0.2312,0.0427,-0.0014,0.0
PAY_RATIO_6,5.0,1920,0.2089,-0.0879,-0.0014,-0.0
PAY_RATIO_6,6.0,1920,0.1521,-0.4744,-0.0014,-0.1
PAY_RATIO_6,7.0,1920,0.1505,-0.4866,-0.0014,-0.1
UTIL_1,0.0,1920,0.2427,0.1061,-0.016,0.2
UTIL_1,1.0,1920,0.2031,-0.1229,-0.016,-0.2
UTIL_1,2.0,1920,0.1641,-0.3844,-0.016,-0.6
UTIL_1,3.0,1920,0.1526,-0.4704,-0.016,-0.8
UTIL_1,4.0,1920,0.187,-0.2258,-0.016,-0.4
UTIL_1,5.0,1920,0.2208,-0.0169,-0.016,0.0
UTIL_1,6.0,1920,0.2661,0.2297,-0.016,0.4
UTIL_1,7.0,1920,0.288,0.3389,-0.016,0.6
UTIL_1,8.0,1920,0.2349,0.0631,-0.016,0.1
UTIL_1,9.0,1920,0.2781,0.2902,-0.016,0.5
BALANCE_TO_LIMIT,0.0,1920,0.2427,0.1061,-0.016,0.2
BALANCE_TO_LIMIT,1.0,1920,0.2031,-0.1229,-0.016,-0.2
BALANCE_TO_LIMIT,2.0,1920,0.1641,-0.3844,-0.016,-0.6
BALANCE_TO_LIMIT,3.0,1920,0.1526,-0.4704,-0.016,-0.8
BALANCE_TO_LIMIT,4.0,1920,0.187,-0.2258,-0.016,-0.4
BALANCE_TO_LIMIT,5.0,1920,0.2208,-0.0169,-0.016,0.0
BALANCE_TO_LIMIT,6.0,1920,0.2661,0.2297,-0.016,0.4
BALANCE_TO_LIMIT,7.0,1920,0.288,0.3389,-0.016,0.6
BALANCE_TO_LIMIT,8.0,1920,0.2349,0.0631,-0.016,0.1
BALANCE_TO_LIMIT,9.0,1920,0.2781,0.2902,-0.016,0.5
UTIL_LATEST,0.0,1920,0.2427,0.1061,-0.016,0.2
UTIL_LATEST,1.0,1920,0.2031,-0.1229,-0.016,-0.2
UTIL_LATEST,2.0,1920,0.1641,-0.3844,-0.016,-0.6
UTIL_LATEST,3.0,1920,0.1526,-0.4704,-0.016,-0.8
UTIL_LATEST,4.0,1920,0.187,-0.2258,-0.016,-0.4
UTIL_LATEST,5.0,1920,0.2208,-0.0169,-0.016,0.0
UTIL_LATEST,6.0,1920,0.2661,0.2297,-0.016,0.4
UTIL_LATEST,7.0,1920,0.288,0.3389,-0.016,0.6
UTIL_LATEST,8.0,1920,0.2349,0.0631,-0.016,0.1
UTIL_LATEST,9.0,1920,0.2781,0.2902,-0.016,0.5
PAY_RATIO_5,0.0,5760,0.2703,0.2509,-0.0325,1.0
PAY_RATIO_5,1.0,1920,0.2089,-0.0879,-0.0325,-0.2
PAY_RATIO_5,2.0,1920,0.2411,0.0975,-0.0325,0.4
PAY_RATIO_5,3.0,1920,0.2182,-0.0321,-0.0325,-0.0
PAY_RATIO_5,4.0,1920,0.2521,0.1564,-0.0325,0.6
PAY_RATIO_5,5.0,1920,0.199,-0.1489,-0.0325,-0.5
PAY_RATIO_5,6.0,1923,0.1539,-0.4602,-0.0325,-1.6
PAY_RATIO_5,7.0,1917,0.1534,-0.4645,-0.0325,-1.6
UTIL_VELOCITY,0.0,1920,0.2573,0.1839,0.0236,-0.6
UTIL_VELOCITY,1.0,1920,0.2604,0.2001,0.0236,-0.6
UTIL_VELOCITY,2.0,1920,0.2677,0.2377,0.0236,-0.7
UTIL_VELOCITY,3.0,1920,0.2031,-0.1229,0.0236,0.3
UTIL_VELOCITY,4.0,3200,0.2403,0.093,0.0236,-0.3
UTIL_VELOCITY,5.0,640,0.1812,-0.264,0.0236,0.7
UTIL_VELOCITY,6.0,1920,0.2036,-0.1197,0.0236,0.3
UTIL_VELOCITY,7.0,1920,0.262,0.2082,0.0236,-0.6
UTIL_VELOCITY,8.0,1920,0.1792,-0.2781,0.0236,0.7
UTIL_VELOCITY,9.0,1920,0.1432,-0.5448,0.0236,1.5
PAY_AMT_ACCEL,0.0,1921,0.1666,-0.3661,0.0314,1.3
PAY_AMT_ACCEL,1.0,1921,0.2686,0.2423,0.0314,-1.0
PAY_AMT_ACCEL,2.0,2113,0.2451,0.1193,0.0314,-0.5
PAY_AMT_ACCEL,3.0,1725,0.2052,-0.1101,0.0314,0.4
PAY_AMT_ACCEL,4.0,3136,0.2637,0.2172,0.0314,-0.9
PAY_AMT_ACCEL,5.0,707,0.1924,-0.1908,0.0314,0.7
PAY_AMT_ACCEL,6.0,1917,0.1935,-0.1833,0.0314,0.6
PAY_AMT_ACCEL,7.0,1920,0.2411,0.0975,0.0314,-0.4
PAY_AMT_ACCEL,8.0,1920,0.2568,0.1811,0.0314,-0.7
PAY_AMT_ACCEL,9.0,1920,0.1552,-0.4504,0.0314,1.6
PAY_AMT_VELOCITY,0.0,1920,0.1688,-0.3506,0.0263,1.2
PAY_AMT_VELOCITY,1.0,1924,0.2817,0.3079,0.0263,-1.1
PAY_AMT_VELOCITY,2.0,1916,0.2286,0.0277,0.0263,-0.1
PAY_AMT_VELOCITY,3.0,4807,0.2486,0.1378,0.0263,-0.5
PAY_AMT_VELOCITY,4.0,953,0.1805,-0.2691,0.0263,0.9
PAY_AMT_VELOCITY,5.0,1922,0.1941,-0.1798,0.0263,0.6
PAY_AMT_VELOCITY,6.0,1918,0.2179,-0.0338,0.0263,0.1
PAY_AMT_VELOCITY,7.0,1920,0.262,0.2082,0.0263,-0.8
PAY_AMT_VELOCITY,8.0,1920,0.1724,-0.3248,0.0263,1.1
EDUCATION,1,6789,0.1953,-0.1719,0.1003,2.1
EDUCATION,2,9079,0.2392,0.0871,0.1003,-1.3
EDUCATION,3,3049,0.2558,0.1761,0.1003,-2.5
EDUCATION,4,283,0.0636,-1.4454,0.1003,18.6
NET_DEBT_ACCUMULATION,0.0,1920,0.1594,-0.4189,-0.0031,-0.2
NET_DEBT_ACCUMULATION,1.0,1921,0.2603,0.1994,-0.0031,0.1
NET_DEBT_ACCUMULATION,2.0,1919,0.1975,-0.1581,-0.0031,-0.1
NET_DEBT_ACCUMULATION,3.0,1920,0.2156,-0.0474,-0.0031,-0.0
NET_DEBT_ACCUMULATION,4.0,1920,0.2479,0.1342,-0.0031,0.1
NET_DEBT_ACCUMULATION,5.0,1920,0.2594,0.1947,-0.0031,0.1
NET_DEBT_ACCUMULATION,6.0,1920,0.249,0.1398,-0.0031,0.1
NET_DEBT_ACCUMULATION,7.0,1920,0.2266,0.0161,-0.0031,0.0
NET_DEBT_ACCUMULATION,8.0,1920,0.2109,-0.0753,-0.0031,-0.0
NET_DEBT_ACCUMULATION,9.0,1920,0.2109,-0.0753,-0.0031,-0.0
UTIL_STD,0.0,1920,0.2776,0.2876,0.012,-0.6
UTIL_STD,1.0,1920,0.212,-0.0691,0.012,0.1
UTIL_STD,2.0,1920,0.1896,-0.2088,0.012,0.4
UTIL_STD,3.0,1920,0.2557,0.1757,0.012,-0.4
UTIL_STD,4.0,1920,0.2578,0.1866,0.012,-0.4
UTIL_STD,5.0,1920,0.2365,0.0717,0.012,-0.2
UTIL_STD,6.0,1920,0.2161,-0.0443,0.012,0.1
UTIL_STD,7.0,1920,0.1854,-0.2361,0.012,0.5
UTIL_STD,8.0,1920,0.1906,-0.202,0.012,0.4
UTIL_STD,9.0,1920,0.2161,-0.0443,0.012,0.1
